{
    "batchName": "",
    "batchTime": 1670524286,
    "boardConf": "nIR-C00M00-01",
    "boardCustom": "",
    "boardName": "DD2090",
    "boardOptions": 3,
    "boardRev": "R3M1E3",
    "cameraData": [
        [
            0,
            {
                "cameraType": 0,
                "distortionCoeff": [
                    -0.02372642792761326,
                    0.0021362940315157175,
                    -0.004161360207945108,
                    0.00038266213960014284,
                    0.0,
                    0.0,
                    0.0,
                    0.0,
                    0.0,
                    0.0,
                    0.0,
                    0.0,
                    0.0,
                    0.0
                ],
                "extrinsics": {
                    "rotationMatrix": [
                        [
                            0.0,
                            0.0,
                            0.0
                        ],
                        [
                            0.0,
                            0.0,
                            0.0
                        ],
                        [
                            0.0,
                            0.0,
                            0.0
                        ]
                    ],
                    "specTranslation": {
                        "x": 0.0,
                        "y": 0.0,
                        "z": 0.0
                    },
                    "toCameraSocket": -1,
                    "translation": {
                        "x": 0.0,
                        "y": 0.0,
                        "z": 0.0
                    }
                },
                "height": 1200,
                "intrinsicMatrix": [
                    [
                        892.89013671875,
                        0.0,
                        993.46630859375
                    ],
                    [
                        0.0,
                        894.4860229492188,
                        604.6701049804688
                    ],
                    [
                        0.0,
                        0.0,
                        1.0
                    ]
                ],
                "lensPosition": 0,
                "specHfovDeg": 140.0,
                "width": 1920
            }
        ],
        [
            1,
            {
                "cameraType": 0,
                "distortionCoeff": [
                    -0.021561866626143456,
                    -0.0003712414763867855,
                    -0.0033296605106443167,
                    0.0009346148581244051,
                    0.0,
                    0.0,
                    0.0,
                    0.0,
                    0.0,
                    0.0,
                    0.0,
                    0.0,
                    0.0,
                    0.0
                ],
                "extrinsics": {
                    "rotationMatrix": [
                        [
                            0.9999166131019592,
                            0.006397725082933903,
                            0.011219293810427189
                        ],
                        [
                            -0.006272793281823397,
                            0.9999183416366577,
                            -0.011135493405163288
                        ],
                        [
                            -0.011289618909358978,
                            0.011064188554883003,
                            0.9998750686645508
                        ]
                    ],
                    "specTranslation": {
                        "x": -0.0,
                        "y": 4.066999912261963,
                        "z": -0.0
                    },
                    "toCameraSocket": 0,
                    "translation": {
                        "x": 0.1190769225358963,
                        "y": 4.0539960861206055,
                        "z": 0.01049618236720562
                    }
                },
                "height": 1200,
                "intrinsicMatrix": [
                    [
                        894.024658203125,
                        0.0,
                        938.7318725585938
                    ],
                    [
                        0.0,
                        895.3643798828125,
                        610.1820678710938
                    ],
                    [
                        0.0,
                        0.0,
                        1.0
                    ]
                ],
                "lensPosition": 0,
                "specHfovDeg": 140.0,
                "width": 1920
            }
        ],
        [
            2,
            {
                "cameraType": 0,
                "distortionCoeff": [
                    -0.02711985446512699,
                    0.013052004389464855,
                    -0.018834637477993965,
                    0.007120981812477112,
                    0.0,
                    0.0,
                    0.0,
                    0.0,
                    0.0,
                    0.0,
                    0.0,
                    0.0,
                    0.0,
                    0.0
                ],
                "extrinsics": {
                    "rotationMatrix": [
                        [
                            0.9999679327011108,
                            0.0076044113375246525,
                            -0.002507902914658189
                        ],
                        [
                            -0.007575792260468006,
                            0.9999082684516907,
                            0.011230097152292728
                        ],
                        [
                            0.002593071199953556,
                            -0.011210737749934196,
                            0.9999337792396545
                        ]
                    ],
                    "specTranslation": {
                        "x": 9.980999946594238,
                        "y": -0.0,
                        "z": -0.0
                    },
                    "toCameraSocket": 1,
                    "translation": {
                        "x": 9.960969924926758,
                        "y": -0.02621179074048996,
                        "z": 0.03350640460848808
                    }
                },
                "height": 1200,
                "intrinsicMatrix": [
                    [
                        893.0055541992188,
                        0.0,
                        975.1644897460938
                    ],
                    [
                        0.0,
                        894.3845825195313,
                        581.82958984375
                    ],
                    [
                        0.0,
                        0.0,
                        1.0
                    ]
                ],
                "lensPosition": 0,
                "specHfovDeg": 140.0,
                "width": 1920
            }
        ]
    ],
    "hardwareConf": "F0-FV00-BC001",
    "imuExtrinsics": {
        "rotationMatrix": [
            [
                0.0,
                0.0,
                0.0
            ],
            [
                0.0,
                0.0,
                0.0
            ],
            [
                0.0,
                0.0,
                0.0
            ]
        ],
        "specTranslation": {
            "x": 0.0,
            "y": 0.0,
            "z": 0.0
        },
        "toCameraSocket": -1,
        "translation": {
            "x": 0.0,
            "y": 0.0,
            "z": 0.0
        }
    },
    "miscellaneousData": [],
    "productName": "OAK-FFC-4P",
    "stereoRectificationData": {
        "leftCameraSocket": 1,